results,search
0,MZ
1,NP
11,BS
35,OA
0,HD
18,AY
2,KU
38,KE
0,XQ
250,HO
0,ZN
0,IY
36,EU
0,SQ
250,LC
10,CP
0,KZ
1,DN
0,SG
5,YC
2,YP
250,DI
1,XV
4,UD
13,CC
1,FS
1,BH
12,TU
29,XP
26,NF
1,IK
155,TY
250,ST
0,MW
0,QB
0,MV
192,MA
0,MX
2,HH
35,CL
1,WS
0,ZT
5,BB
0,IN
7,DH
0,VZ
118,TR
95,EM
0,ZV
0,DQ
0,EJ
86,OF
87,GR
0,QO
3,LB
0,JB
250,EN
0,QS
167,AC
0,DZ
0,ML
94,LA
8,TD
25,MB
0,TQ
0,WD
16,PY
166,EC
0,GG
1,KM
143,IL
4,MT
4,GM
250,PL
12,NW
11,KA
0,PX
2,HP
4,ZE
1,YF
7,NK
0,WU
3,VY
4,PB
29,DR
1,SD
2,VS
0,FM
5,FT
21,CU
0,QN
41,FI
66,ID
0,BG
14,IX
39,FE
131,OT
36,DS
0,PQ
225,UI
1,FC
194,VI
36,UM
3,LK
0,QG
4,GT
243,UT
250,IC
145,BE
0,JJ
0,OZ
0,KX
47,GI
29,SH
1,VG
0,FG
0,WQ
0,HZ
5,AZ
0,XL
0,XK
0,VN
21,MC
0,JZ
200,HA
0,PF
11,NV
11,OE
69,OB
1,BN
2,WL
1,FY
35,SL
62,VA
4,WR
130,DE
2,EB
7,TC
1,QH
1,XM
6,YO
66,CY
0,VU
250,AT
24,HN
3,XF
3,DF
138,NA
9,MF
41,EH
250,EA
21,IB
2,ZY
0,WV
17,RK
2,WG
30,NU
84,RY
4,DB
0,VB
0,VT
2,JT
181,NE
61,MP
11,GL
16,EF
5,CN
1,KR
32,FO
250,UP
0,PJ
0,PG
7,EZ
20,UE
20,GO
19,GU
250,NT
0,LJ
3,YU
0,ZG
4,JI
0,LX
16,EV
0,GQ
127,SS
0,VF
0,FD
1,FP
3,GC
250,RO
2,UK
250,LI
135,OS
0,IW
18,LF
11,RL
9,NR
0,VW
0,JX
42,HI
6,SR
5,JE
0,YY
0,OQ
1,BD
0,FK
27,DO
47,SC
18,GN
0,CA
5,RH
1,SF
9,TW
5,KY
0,JL
36,IG
250,AR
135,AM
0,FV
27,LD
240,IP
0,XW
40,BL
0,VV
0,ZQ
37,DV
2,EO
250,TI
7,HR
10,AU
6,DJ
0,BF
62,SA
10,RB
0,JV
0,FQ
0,KG
0,JC
0,CX
1,GJ
6,XO
17,WA
250,ES
0,OJ
0,FH
8,DG
0,ED
6,AH
6,EK
197,OL
6,ZO
6,HM
0,BW
0,QQ
70,TS
250,TH
2,CM
250,LL
0,JQ
11,FA
250,RE
1,RQ
0,HQ
1,TK
2,MJ
0,QW
2,DT
0,QE
102,BI
1,MK
119,UN
60,AG
0,ZF
8,DW
2,SN
6,KN
2,HW
0,UJ
14,WH
1,GD
2,UO
0,PK
3,NZ
0,KD
0,YJ
0,LV
12,EI
0,WZ
3,LZ
4,DD
0,QA
133,HC
0,JS
179,TO
250,IO
0,ZL
6,ZA
0,SZ
0,ZR
24,LS
29,YG
0,ZX
235,RA
0,BZ
22,UA
0,CW
131,EL
73,AD
0,QV
9,BC
0,GP
12,PU
0,BM
3,LH
4,AJ
0,PZ
24,AV
5,OY
8,AX
246,SE
90,MI
0,GX
9,MD
0,ZK
0,FB
18,RX
0,UQ
0,VM
0,XD
53,OC
5,YA
3,ZI
250,AN
1,HF
0,QF
0,WY
0,VP
0,ZW
0,ZC
16,KS
13,GY
1,RW
8,TM
50,SY
0,JP
13,FL
2,UU
34,CK
6,IQ
0,LW
48,AI
33,BU
4,MR
2,NX
5,XC
0,QL
130,PI
0,YQ
80,IV
0,TB
0,JK
3,CF
2,QT
0,WX
4,YL
38,XY
2,DX
130,SI
17,FR
0,FN
0,VL
0,QX
250,PP
250,AL
0,XB
4,NB
0,ZB
91,DU
4,NL
73,RN
3,YW
6,AW
0,UW
0,IJ
0,JY
157,SP
5,OH
0,JG
43,NN
0,JF
5,FF
208,EQ
0,BP
0,GK
0,QP
0,SX
1,AO
0,CJ
250,CO
0,QD
0,HJ
2,UY
44,BA
47,OG
22,PS
250,OM
9,LN
73,EP
250,ER
8,SK
8,BY
29,NY
46,RG
3,IZ
117,PA
1,YB
49,OX
1,KV
3,CG
7,WM
1,HG
81,EE
53,OD
33,PT
1,KK
1,XU
0,YZ
6,CQ
23,EW
51,RC
14,MM
0,RZ
0,JN
0,VJ
1,CB
0,FW
2,XS
2,YT
0,QR
4,II
0,GB
0,XN
3,TF
0,GZ
21,RR
121,ND
3,UV
21,AE
74,DM
149,LU
5,LG
245,ET
17,LP
0,YI
2,YD
29,TT
15,DL
0,TJ
0,ZS
6,DP
34,OV
32,WO
12,DC
16,PC
0,VX
11,MU
138,RV
25,SV
0,XR
20,CR
0,XH
4,VR
1,UF
250,OR
0,BQ
0,PV
36,EG
7,AF
0,ZH
3,YX
145,US
7,OK
250,HE
1,JU
30,FU
80,MS
5,IU
111,PE
0,ZP
4,NH
6,TL
250,LY
117,PH
1,KL
1,YV
0,DK
89,AP
39,OO
0,KQ
0,GF
20,JO
3,AA
0,BK
250,CE
41,RU
7,DY
102,NG
3,CD
0,VH
139,UR
4,WB
168,TA
0,XJ
4,MG
121,CS
2,XE
13,KC
9,VO
4,ZU
0,CZ
0,QY
31,OI
2,HV
0,KB
0,KH
0,QJ
0,XG
1,WP
0,QZ
6,YR
250,LT
2,UX
0,JW
110,IR
201,AB
130,AS
1,IH
6,YE
6,HU
0,VQ
0,JD
46,GH
0,ZD
0,CV
4,HB
0,JR
67,PO
0,FZ
1,TZ
24,BO
52,YS
0,VD
17,EY
94,CT
6,MY
250,RI
10,HY
0,HK
0,BX
3,RF
0,MQ
1,WK
14,YN
2,MN
250,SU
18,GA
2,WT
0,ME
58,EX
0,JH
21,HT
0,PD
0,BV
36,DA
3,XX
0,LR
0,SJ
14,AK
85,LO
30,GS
15,KI
8,YM
37,RD
0,FJ
0,QM
147,PM
0,ZJ
3,XI
161,NS
1,RJ
101,CI
1,SW
15,SM
42,BR
122,CH
30,WI
250,ON
30,IF
0,WC
35,IM
1,YH
218,IT
1,NQ
167,IS
0,FX
128,GE
0,VK
250,SO
0,HX
243,QU
0,ZM
0,KW
4,XA
234,OU
250,TE
35,OP
0,NC
1,TX
2,YK
1,NJ
0,XZ
1,ZZ
0,QK
0,LQ
9,HS
0,KF
14,WN
0,WJ
240,IA
0,QI
8,SB
0,WF
167,LE
250,PR
48,UL
0,BJ
0,WW
0,AQ
0,UH
0,KP
92,MO
35,OW
175,RT
0,TV
36,WE
2,JM
18,LM
1,GW
8,XT
1,MH
11,HL
6,TP
103,NO
0,GV
0,BT
0,QC
2,TG
95,RM
23,VC
21,JA
5,PN
85,RS
7,TN
119,NI
93,VE
26,UG
1,PW
44,UC
104,RP
4,KO
0,KJ
3,UB
250,IE
5,NM
0,UZ
0,KT
